1999-01-22,0.402,0.449,0.356,0.377,271468800,0,0
1999-01-25,0.407,0.421,0.377,0.416,51048000,0,0
1999-01-26,0.421,0.429,0.378,0.384,34320000,0,0
1999-01-27,0.385,0.395,0.364,0.383,24436800,0,0
1999-01-28,0.383,0.385,0.379,0.382,22752000,0,0
1999-01-29,0.382,0.383,0.364,0.364,24403200,0,0
1999-02-01,0.364,0.373,0.364,0.371,15470400,0,0
1999-02-02,0.364,0.373,0.331,0.342,26409600,0,0
1999-02-03,0.337,0.354,0.335,0.349,7512000,0,0
1999-02-04,0.354,0.378,0.349,0.368,18192000,0,0
1999-02-05,0.374,0.383,0.365,0.379,13684800,0,0
1999-02-08,0.382,0.383,0.366,0.366,15408000,0,0
1999-02-09,0.373,0.376,0.347,0.352,8697600,0,0
1999-02-10,0.352,0.361,0.342,0.348,14822400,0,0
1999-02-11,0.349,0.392,0.349,0.378,13224000,0,0
1999-02-12,0.383,0.402,0.383,0.400,10972800,0,0
1999-02-16,0.407,0.423,0.361,0.402,21100800,0,0
1999-02-17,0.392,0.397,0.373,0.380,6772800,0,0
1999-02-18,0.392,0.397,0.376,0.386,7070400,0,0
1999-02-19,0.383,0.407,0.378,0.400,7536000,0,0
1999-02-22,0.407,0.412,0.380,0.402,20524800,0,0
1999-02-23,0.412,0.429,0.388,0.421,13809600,0,0
1999-02-24,0.483,0.502,0.444,0.455,61276800,0,0
1999-02-25,0.474,0.488,0.433,0.440,14913600,0,0
1999-02-26,0.445,0.459,0.416,0.420,17260800,0,0
1999-03-01,0.431,0.440,0.402,0.422,9216000,0,0
1999-03-02,0.421,0.423,0.412,0.419,5524800,0,0
1999-03-03,0.421,0.421,0.388,0.390,6139200,0,0
1999-03-04,0.409,0.412,0.378,0.382,5736000,0,0
1999-03-05,0.385,0.404,0.385,0.403,7876800,0,0
1999-03-08,0.392,0.421,0.385,0.409,7588800,0,0
1999-03-09,0.408,0.428,0.408,0.422,14318400,0,0
1999-03-10,0.428,0.428,0.409,0.415,23534400,0,0
1999-03-11,0.408,0.415,0.397,0.397,5428800,0,0
1999-03-12,0.400,0.400,0.383,0.390,9076800,0,0
1999-03-15,0.400,0.412,0.397,0.407,10881600,0,0
1999-03-16,0.409,0.414,0.390,0.394,7915200,0,0
1999-03-17,0.397,0.404,0.386,0.396,5136000,0,0
1999-03-18,0.397,0.407,0.388,0.401,4632000,0,0
1999-03-19,0.400,0.414,0.400,0.402,10531200,0,0
1999-03-22,0.410,0.412,0.390,0.390,3667200,0,0
1999-03-23,0.392,0.392,0.359,0.366,16396800,0,0
1999-03-24,0.364,0.366,0.349,0.364,6086400,0,0
1999-03-25,0.362,0.383,0.361,0.368,4032000,0,0
1999-03-26,0.373,0.402,0.373,0.401,8827200,0,0
1999-03-29,0.413,0.422,0.406,0.413,6595200,0,0
1999-03-30,0.414,0.417,0.376,0.378,6950400,0,0
1999-03-31,0.390,0.409,0.372,0.404,15360000,0,0
1999-04-01,0.404,0.407,0.385,0.392,3043200,0,0
1999-04-05,0.388,0.397,0.378,0.380,9864000,0,0
1999-04-06,0.384,0.385,0.364,0.371,6969600,0,0
1999-04-07,0.373,0.404,0.371,0.402,8928000,0,0
1999-04-08,0.404,0.421,0.400,0.409,13012800,0,0
1999-04-09,0.412,0.412,0.400,0.402,4862400,0,0
1999-04-12,0.397,0.397,0.378,0.385,3331200,0,0
1999-04-13,0.392,0.392,0.364,0.370,3614400,0,0
1999-04-14,0.368,0.377,0.359,0.359,4828800,0,0
1999-04-15,0.368,0.368,0.359,0.368,3585600,0,0
1999-04-16,0.366,0.386,0.366,0.380,3892800,0,0
1999-04-19,0.385,0.385,0.359,0.364,3129600,0,0
1999-04-20,0.364,0.378,0.353,0.356,6768000,0,0
1999-04-21,0.356,0.364,0.354,0.362,3748800,0,0
1999-04-22,0.364,0.364,0.343,0.347,22718400,0,0
1999-04-23,0.346,0.347,0.328,0.330,12604800,0,0
1999-04-26,0.330,0.335,0.306,0.313,12350400,0,0
1999-04-27,0.321,0.349,0.316,0.347,22694400,0,0
1999-04-28,0.349,0.349,0.334,0.345,12009600,0,0
1999-04-29,0.346,0.347,0.337,0.345,4814400,0,0
1999-04-30,0.348,0.364,0.346,0.349,9931200,0,0
1999-05-03,0.353,0.353,0.342,0.352,3384000,0,0
1999-05-04,0.352,0.352,0.325,0.333,9604800,0,0
1999-05-05,0.335,0.340,0.316,0.340,14457600,0,0
1999-05-06,0.337,0.345,0.323,0.333,3561600,0,0
1999-05-07,0.323,0.337,0.323,0.335,2500800,0,0
1999-05-10,0.333,0.342,0.333,0.335,1968000,0,0
1999-05-11,0.349,0.364,0.342,0.353,17174400,0,0
1999-05-12,0.356,0.365,0.352,0.364,16848000,0,0
1999-05-13,0.364,0.373,0.362,0.364,6993600,0,0
1999-05-14,0.364,0.364,0.340,0.345,2846400,0,0
1999-05-17,0.340,0.361,0.339,0.361,3576000,0,0
1999-05-18,0.365,0.383,0.354,0.378,15153600,0,0
1999-05-19,0.395,0.409,0.355,0.361,45172800,0,0
1999-05-20,0.364,0.364,0.319,0.333,17817600,0,0
1999-05-21,0.328,0.328,0.316,0.325,30350400,0,0
1999-05-24,0.328,0.335,0.319,0.324,16262400,0,0
1999-05-25,0.325,0.330,0.323,0.327,13008000,0,0
1999-05-26,0.325,0.342,0.325,0.325,10473600,0,0
1999-05-27,0.328,0.328,0.323,0.323,8232000,0,0
1999-05-28,0.328,0.328,0.323,0.327,8865600,0,0
1999-06-01,0.325,0.328,0.321,0.328,9854400,0,0
1999-06-02,0.328,0.328,0.316,0.316,13012800,0,0
1999-06-03,0.324,0.327,0.321,0.324,4156800,0,0
1999-06-04,0.327,0.328,0.324,0.327,7891200,0,0
1999-06-07,0.328,0.335,0.328,0.330,12513600,0,0
1999-06-08,0.331,0.345,0.330,0.339,15331200,0,0
1999-06-09,0.340,0.352,0.340,0.345,9518400,0,0
1999-06-10,0.345,0.347,0.342,0.346,3609600,0,0
1999-06-11,0.346,0.347,0.327,0.339,6100800,0,0
1999-06-14,0.339,0.340,0.323,0.325,5164800,0,0
1999-06-15,0.325,0.328,0.321,0.325,4929600,0,0
1999-06-16,0.330,0.345,0.325,0.335,6441600,0,0
1999-06-17,0.333,0.337,0.325,0.325,7492800,0,0
1999-06-18,0.328,0.328,0.313,0.313,15873600,0,0
1999-06-21,0.323,0.330,0.314,0.330,8347200,0,0
1999-06-22,0.330,0.330,0.317,0.324,19305600,0,0
1999-06-23,0.321,0.330,0.317,0.330,21091200,0,0
1999-06-24,0.333,0.333,0.321,0.323,11520000,0,0
1999-06-25,0.321,0.331,0.321,0.328,7353600,0,0
1999-06-28,0.339,0.339,0.325,0.333,10915200,0,0
1999-06-29,0.337,0.341,0.333,0.336,9268800,0,0
1999-06-30,0.347,0.366,0.340,0.366,26923200,0,0
1999-07-01,0.366,0.366,0.328,0.347,8899200,0,0
1999-07-02,0.352,0.372,0.345,0.372,22488000,0,0
1999-07-06,0.376,0.376,0.368,0.373,19809600,0,0
1999-07-07,0.376,0.376,0.366,0.366,6312000,0,0
1999-07-08,0.368,0.380,0.356,0.374,18604800,0,0
1999-07-09,0.373,0.409,0.373,0.406,21172800,0,0
1999-07-12,0.431,0.443,0.414,0.425,40104000,0,0
1999-07-13,0.429,0.432,0.407,0.426,13886400,0,0
1999-07-14,0.426,0.435,0.407,0.409,13795200,0,0
1999-07-15,0.413,0.426,0.412,0.412,13704000,0,0
1999-07-16,0.419,0.423,0.412,0.420,10387200,0,0
1999-07-19,0.421,0.422,0.407,0.409,4363200,0,0
1999-07-20,0.409,0.409,0.388,0.402,17875200,0,0
1999-07-21,0.397,0.397,0.378,0.390,11208000,0,0
1999-07-22,0.388,0.388,0.368,0.372,21326400,0,0
1999-07-23,0.371,0.383,0.371,0.372,8025600,0,0
1999-07-26,0.382,0.382,0.373,0.373,6052800,0,0
1999-07-27,0.373,0.376,0.368,0.374,9859200,0,0
1999-07-28,0.373,0.385,0.372,0.380,24422400,0,0
1999-07-29,0.373,0.385,0.371,0.384,38880000,0,0
1999-07-30,0.384,0.395,0.383,0.385,45230400,0,0
1999-08-02,0.385,0.390,0.383,0.389,31334400,0,0
1999-08-03,0.389,0.389,0.376,0.379,25521600,0,0
1999-08-04,0.382,0.383,0.378,0.379,8995200,0,0
1999-08-05,0.379,0.385,0.373,0.385,24057600,0,0
1999-08-06,0.384,0.386,0.383,0.385,18398400,0,0
1999-08-09,0.386,0.390,0.383,0.385,3105600,0,0
1999-08-10,0.388,0.409,0.385,0.392,21206400,0,0
1999-08-11,0.400,0.423,0.395,0.419,19771200,0,0
1999-08-12,0.421,0.450,0.419,0.439,23961600,0,0
1999-08-13,0.435,0.444,0.431,0.434,8467200,0,0
1999-08-16,0.438,0.438,0.403,0.417,22344000,0,0
1999-08-17,0.419,0.426,0.408,0.419,19353600,0,0
1999-08-18,0.414,0.433,0.406,0.428,27988800,0,0
1999-08-19,0.458,0.543,0.443,0.519,196699200,0,0
1999-08-20,0.520,0.524,0.495,0.514,35308800,0,0
1999-08-23,0.507,0.507,0.467,0.483,50798400,0,0
1999-08-24,0.476,0.486,0.452,0.481,39806400,0,0
1999-08-25,0.482,0.487,0.459,0.479,35035200,0,0
1999-08-26,0.479,0.486,0.464,0.471,27537600,0,0
1999-08-27,0.481,0.517,0.479,0.498,55238400,0,0
1999-08-30,0.506,0.516,0.475,0.496,15864000,0,0
1999-08-31,0.498,0.541,0.488,0.538,78686400,0,0
1999-09-01,0.538,0.538,0.505,0.513,56534400,0,0
1999-09-02,0.496,0.510,0.486,0.507,34108800,0,0
1999-09-03,0.517,0.524,0.507,0.511,25886400,0,0
1999-09-07,0.519,0.519,0.506,0.508,12441600,0,0
1999-09-08,0.510,0.513,0.507,0.507,17006400,0,0
1999-09-09,0.512,0.516,0.490,0.500,20947200,0,0
1999-09-10,0.508,0.514,0.505,0.507,16742400,0,0
1999-09-13,0.510,0.510,0.486,0.490,17443200,0,0
1999-09-14,0.490,0.490,0.474,0.476,25036800,0,0
1999-09-15,0.470,0.486,0.467,0.480,21273600,0,0
1999-09-16,0.474,0.479,0.462,0.468,15811200,0,0
1999-09-17,0.465,0.469,0.450,0.467,17164800,0,0
1999-09-20,0.458,0.464,0.450,0.450,22910400,0,0
1999-09-21,0.440,0.443,0.401,0.407,73732800,0,0
1999-09-22,0.407,0.419,0.383,0.416,37598400,0,0
1999-09-23,0.417,0.419,0.378,0.382,37958400,0,0
1999-09-24,0.383,0.392,0.321,0.347,68491200,0,0
1999-09-27,0.370,0.376,0.347,0.368,43200000,0,0
1999-09-28,0.369,0.407,0.368,0.402,41318400,0,0
1999-09-29,0.410,0.426,0.364,0.370,59404800,0,0
1999-09-30,0.383,0.395,0.364,0.368,34252800,0,0
1999-10-01,0.362,0.376,0.347,0.366,34776000,0,0
1999-10-04,0.378,0.379,0.368,0.373,17760000,0,0
1999-10-05,0.373,0.412,0.373,0.409,47808000,0,0
1999-10-06,0.410,0.479,0.407,0.458,150873600,0,0
1999-10-07,0.477,0.477,0.426,0.428,48729600,0,0
1999-10-08,0.428,0.463,0.412,0.450,39892800,0,0
1999-10-11,0.453,0.455,0.426,0.438,54446400,0,0
1999-10-12,0.440,0.445,0.431,0.432,32299200,0,0
1999-10-13,0.427,0.427,0.412,0.420,28036800,0,0
1999-10-14,0.421,0.421,0.407,0.412,19233600,0,0
1999-10-15,0.391,0.412,0.390,0.409,21072000,0,0
1999-10-18,0.410,0.410,0.385,0.388,21518400,0,0
1999-10-19,0.400,0.400,0.365,0.372,30892800,0,0
1999-10-20,0.378,0.390,0.372,0.385,34872000,0,0
1999-10-21,0.384,0.403,0.373,0.403,38212800,0,0
1999-10-22,0.402,0.425,0.402,0.413,28675200,0,0
1999-10-25,0.410,0.416,0.392,0.392,21384000,0,0
1999-10-26,0.409,0.445,0.407,0.431,48124800,0,0
1999-10-27,0.433,0.435,0.404,0.412,21412800,0,0
1999-10-28,0.414,0.421,0.390,0.392,22276800,0,0
1999-10-29,0.397,0.431,0.395,0.423,33052800,0,0
1999-11-01,0.416,0.467,0.416,0.450,78254400,0,0
1999-11-02,0.458,0.481,0.455,0.479,83750400,0,0
1999-11-03,0.498,0.538,0.494,0.525,201168000,0,0
1999-11-04,0.531,0.573,0.531,0.559,126033600,0,0
1999-11-05,0.574,0.579,0.514,0.541,61636800,0,0
1999-11-08,0.524,0.572,0.507,0.556,47001600,0,0
1999-11-09,0.555,0.557,0.526,0.548,27235200,0,0
1999-11-10,0.550,0.550,0.532,0.543,14404800,0,0
1999-11-11,0.543,0.610,0.531,0.581,56270400,0,0
1999-11-12,0.607,0.612,0.572,0.612,50150400,0,0
1999-11-15,0.617,0.635,0.591,0.601,36220800,0,0
1999-11-16,0.615,0.670,0.612,0.658,72379200,0,0
1999-11-17,0.670,0.718,0.660,0.683,78638400,0,0
1999-11-18,0.697,0.703,0.679,0.685,23596800,0,0
1999-11-19,0.768,0.849,0.766,0.821,216518400,0,0
1999-11-22,0.842,0.842,0.770,0.819,54019200,0,0
1999-11-23,0.736,0.769,0.727,0.761,55324800,0,0
1999-11-24,0.757,0.766,0.681,0.737,40684800,0,0
1999-11-26,0.730,0.737,0.708,0.732,7176000,0,0
1999-11-29,0.730,0.739,0.689,0.706,29860800,0,0
1999-11-30,0.708,0.720,0.663,0.663,31468800,0,0
1999-12-01,0.663,0.706,0.663,0.696,22353600,0,0
1999-12-02,0.699,0.757,0.699,0.748,30988800,0,0
1999-12-03,0.755,0.768,0.720,0.730,34276800,0,0
1999-12-06,0.732,0.754,0.732,0.750,17860800,0,0
1999-12-07,0.756,0.757,0.696,0.725,18638400,0,0
1999-12-08,0.723,0.764,0.720,0.757,20169600,0,0
1999-12-09,0.756,0.775,0.708,0.734,21494400,0,0
1999-12-10,0.748,0.751,0.713,0.726,9830400,0,0
1999-12-13,0.718,0.743,0.708,0.724,18384000,0,0
1999-12-14,0.725,0.743,0.705,0.712,27388800,0,0
1999-12-15,0.707,0.711,0.672,0.689,20596800,0,0
1999-12-16,0.693,0.703,0.682,0.684,13257600,0,0
1999-12-17,0.703,0.731,0.700,0.720,26208000,0,0
1999-12-20,0.721,0.794,0.696,0.780,40243200,0,0
1999-12-21,0.780,0.815,0.751,0.813,38836800,0,0
1999-12-22,0.816,0.842,0.785,0.833,25118400,0,0
1999-12-23,0.834,0.890,0.830,0.888,28022400,0,0
1999-12-27,0.907,0.908,0.845,0.854,20241600,0,0
1999-12-28,0.854,0.885,0.849,0.852,17918400,0,0
1999-12-29,0.850,0.890,0.849,0.880,13214400,0,0
1999-12-30,0.880,0.894,0.866,0.888,13977600,0,0
1999-12-31,0.886,0.900,0.883,0.898,12734400,0,0
2000-01-03,0.904,0.912,0.845,0.896,30091200,0,0
2000-01-04,0.880,0.883,0.828,0.872,30048000,0,0
2000-01-05,0.847,0.861,0.831,0.843,18835200,0,0
2000-01-06,0.843,0.843,0.756,0.788,12048000,0,0
2000-01-07,0.785,0.810,0.773,0.801,7118400,0,0
2000-01-10,0.804,0.861,0.790,0.828,23985600,0,0
2000-01-11,0.823,0.833,0.794,0.794,14812800,0,0
2000-01-12,0.794,0.796,0.763,0.774,12355200,0,0
2000-01-13,0.773,0.813,0.763,0.806,13219200,0,0
2000-01-14,0.818,0.874,0.816,0.841,60456000,0,0
2000-01-18,0.852,0.880,0.813,0.877,26164800,0,0
2000-01-19,0.880,0.880,0.861,0.868,16468800,0,0
2000-01-20,0.876,0.924,0.859,0.866,17956800,0,0
2000-01-21,0.864,0.867,0.835,0.857,54427200,0,0
2000-01-24,0.884,0.884,0.813,0.818,25694400,0,0
2000-01-25,0.822,0.830,0.785,0.811,23712000,0,0
2000-01-26,0.811,0.833,0.763,0.778,23246400,0,0
2000-01-27,0.784,0.784,0.708,0.737,45820800,0,0
2000-01-28,0.727,0.732,0.687,0.715,19444800,0,0
2000-01-31,0.719,0.734,0.670,0.709,18240000,0,0
2000-02-01,0.711,0.732,0.684,0.726,9297600,0,0
2000-02-02,0.730,0.761,0.726,0.746,14904000,0,0
2000-02-03,0.770,0.786,0.754,0.758,10824000,0,0
2000-02-04,0.782,0.782,0.761,0.776,12369600,0,0
2000-02-07,0.780,0.780,0.727,0.729,21748800,0,0
2000-02-08,0.746,0.790,0.727,0.763,46881600,0,0
2000-02-09,0.792,0.805,0.781,0.782,58905600,0,0
2000-02-10,0.830,0.957,0.830,0.943,97008000,0,0
2000-02-11,0.989,0.990,0.888,0.957,42379200,0,0
2000-02-14,0.959,1.110,0.950,1.110,65011200,0,0
2000-02-15,1.113,1.114,1.022,1.067,45048000,0,0
2000-02-16,1.079,1.153,1.067,1.116,101956800,0,0
2000-02-17,1.115,1.163,1.098,1.156,53577600,0,0
2000-02-18,1.139,1.306,1.130,1.290,96086400,0,0
2000-02-22,1.249,1.266,1.206,1.254,54249600,0,0
2000-02-23,1.239,1.274,1.224,1.261,51139200,0,0
2000-02-24,1.268,1.276,1.196,1.249,24432000,0,0
2000-02-25,1.250,1.250,1.120,1.171,27873600,0,0
2000-02-28,1.165,1.177,1.144,1.163,51787200,0,0
2000-02-29,1.156,1.239,1.156,1.225,30604800,0,0
2000-03-01,1.225,1.225,1.170,1.189,38356800,0,0
2000-03-02,1.199,1.199,1.105,1.109,19104000,0,0
2000-03-03,1.110,1.139,1.101,1.127,27369600,0,0
2000-03-06,1.134,1.220,1.110,1.120,43209600,0,0
2000-03-07,1.436,1.670,1.373,1.595,195220800,0,0
2000-03-08,1.594,1.622,1.479,1.608,66873600,0,0
2000-03-09,1.627,2.067,1.622,1.920,95294400,0,0
2000-03-10,2.019,2.775,2.005,2.259,216120000,0,0
2000-03-13,2.048,2.871,2.029,2.857,241516800,0,0
2000-03-14,2.841,2.841,2.067,2.108,156777600,0,0
2000-03-15,2.259,2.317,1.952,2.022,99561600,0,0
2000-03-16,2.086,2.158,1.773,1.802,75038400,0,0
2000-03-17,1.761,2.048,1.761,1.912,55761600,0,0
2000-03-20,1.987,2.050,1.849,1.910,36528000,0,0
2000-03-21,1.914,1.931,1.665,1.816,53664000,0,0
2000-03-22,1.830,1.885,1.799,1.829,23059200,0,0
2000-03-23,1.812,1.962,1.809,1.861,30940800,0,0
2000-03-24,1.849,1.933,1.723,1.784,23160000,0,0
2000-03-27,1.780,1.837,1.651,1.666,38894400,0,0
2000-03-28,1.609,1.627,1.512,1.542,39331200,0,0
2000-03-29,1.548,1.584,1.378,1.440,46944000,0,0
2000-03-30,1.397,1.565,1.349,1.432,36192000,0,0
2000-03-31,1.530,1.682,1.502,1.617,96297600,0,0
2000-04-03,1.602,1.608,1.449,1.491,32995200,0,0
2000-04-04,1.569,1.596,1.091,1.436,51379200,0,0
2000-04-05,1.450,1.866,1.376,1.755,63960000,0,0
2000-04-06,1.836,1.930,1.749,1.836,40459200,0,0
2000-04-07,1.928,2.010,1.847,1.963,31857600,0,0
2000-04-10,1.997,2.113,1.753,1.790,39528000,0,0
2000-04-11,1.665,1.818,1.531,1.683,45758400,0,0
2000-04-12,1.686,1.723,1.502,1.508,31344000,0,0
2000-04-13,1.520,1.574,1.419,1.444,31329600,0,0
2000-04-14,1.352,1.456,1.254,1.317,42192000,0,0
2000-04-17,1.206,1.436,1.206,1.384,29409600,0,0
2000-04-18,1.523,1.718,1.479,1.629,47750400,0,0
2000-04-19,1.681,1.703,1.531,1.552,27835200,0,0
2000-04-20,1.593,1.623,1.522,1.543,15393600,0,0
2000-04-24,1.455,1.519,1.390,1.467,20596800,0,0
2000-04-25,1.532,1.675,1.529,1.627,24969600,0,0
2000-04-26,1.741,1.780,1.608,1.610,25411200,0,0
2000-04-27,1.502,1.758,1.494,1.742,28099200,0,0
2000-04-28,1.769,1.837,1.706,1.706,17904000,0,0
2000-05-01,1.770,1.809,1.719,1.761,11942400,0,0
2000-05-02,1.761,1.864,1.644,1.693,23400000,0,0
2000-05-03,1.682,1.737,1.531,1.665,32918400,0,0
2000-05-04,1.662,1.756,1.647,1.686,24120000,0,0
2000-05-05,1.678,1.804,1.656,1.763,17059200,0,0
2000-05-08,1.718,1.780,1.696,1.699,18513600,0,0
2000-05-09,1.727,1.742,1.627,1.675,17683200,0,0
2000-05-10,1.658,1.659,1.495,1.510,27408000,0,0
2000-05-11,1.531,1.602,1.511,1.574,24590400,0,0
2000-05-12,1.617,1.703,1.526,1.526,18782400,0,0
2000-05-15,1.519,1.658,1.445,1.632,28209600,0,0
2000-05-16,1.703,1.851,1.684,1.799,36643200,0,0
2000-05-17,1.895,2.194,1.894,2.115,129062400,0,0
2000-05-18,2.127,2.162,1.958,1.971,50990400,0,0
2000-05-19,1.914,2.019,1.900,1.955,52118400,0,0
2000-05-22,1.933,2.081,1.762,2.081,51715200,0,0
2000-05-23,2.029,2.257,1.995,2.065,77856000,0,0
2000-05-24,2.062,2.096,1.766,2.038,73963200,0,0
2000-05-25,2.068,2.192,1.985,2.010,56918400,0,0
2000-05-26,2.020,2.076,1.895,2.020,18345600,0,0
2000-05-30,2.074,2.156,2.065,2.103,30364800,0,0
2000-05-31,2.096,2.220,2.096,2.184,46953600,0,0
2000-06-01,2.249,2.269,2.189,2.245,41899200,0,0
2000-06-02,2.292,2.546,2.292,2.518,59217600,0,0
2000-06-05,2.515,2.699,2.414,2.572,49190400,0,0
2000-06-06,2.582,2.677,2.431,2.444,37588800,0,0
2000-06-07,2.426,2.446,2.299,2.335,33235200,0,0
2000-06-08,2.395,2.397,2.259,2.353,46070400,0,0
2000-06-09,2.397,2.526,2.361,2.420,46728000,0,0
2000-06-12,2.431,2.451,2.302,2.355,38001600,0,0
2000-06-13,2.290,2.431,2.278,2.430,44784000,0,0
2000-06-14,2.475,2.488,2.395,2.427,27508800,0,0
2000-06-15,2.420,2.491,2.290,2.491,33859200,0,0
2000-06-16,2.482,2.871,2.481,2.866,98784000,0,0
2000-06-19,2.859,3.278,2.787,3.046,105216000,0,0
2000-06-20,3.098,3.134,2.967,3.005,61027200,0,0
2000-06-21,2.958,3.369,2.958,3.310,61488000,0,0
2000-06-22,3.296,3.364,3.098,3.129,61435200,0,0
2000-06-23,3.046,3.084,2.833,2.834,60739200,0,0
2000-06-26,2.890,3.194,2.845,3.176,61828800,0,0
2000-06-27,3.149,3.201,2.644,2.727,60460800,0,2
2000-06-28,2.785,2.890,2.546,2.622,58660800,0,0
2000-06-29,2.577,2.577,2.201,2.244,118488000,0,0
2000-06-30,2.349,2.474,2.235,2.433,120919200,0,0
2000-07-03,2.450,2.526,2.316,2.340,23268000,0,0
2000-07-05,2.330,2.335,2.019,2.089,77793600,0,0
2000-07-06,2.091,2.292,2.041,2.215,60393600,0,0
2000-07-07,2.297,2.335,2.182,2.227,34656000,0,0
2000-07-10,2.189,2.397,2.168,2.342,35126400,0,0
2000-07-11,2.311,2.651,2.285,2.531,75530400,0,0
2000-07-12,2.637,2.735,2.553,2.603,38815200,0,0
2000-07-13,2.658,2.861,2.653,2.847,45873600,0,0
2000-07-14,2.905,2.960,2.756,2.826,28020000,0,0
2000-07-17,2.869,2.871,2.785,2.794,10555200,0,0
2000-07-18,2.641,2.871,2.641,2.739,18367200,0,0
2000-07-19,2.641,2.660,2.510,2.565,18950400,0,0
2000-07-20,2.562,2.699,2.555,2.634,14299200,0,0
2000-07-21,2.641,2.718,2.603,2.668,25192800,0,0
2000-07-24,2.670,2.689,2.335,2.440,28111200,0,0
2000-07-25,2.479,2.498,2.345,2.349,33530400,0,0
2000-07-26,2.349,2.349,2.110,2.175,38006400,0,0
2000-07-27,2.105,2.134,1.991,2.019,33156000,0,0
2000-07-28,2.029,2.218,1.914,2.067,51266400,0,0
2000-07-31,2.182,2.302,2.067,2.297,37123200,0,0
2000-08-01,2.297,2.316,2.235,2.251,35061600,0,0
2000-08-02,2.220,2.334,2.184,2.297,34543200,0,0
2000-08-03,2.067,2.450,2.067,2.397,36866400,0,0
2000-08-04,2.455,2.488,2.402,2.440,19478400,0,0
2000-08-07,2.457,2.653,2.448,2.632,24693600,0,0
2000-08-08,2.574,2.718,2.565,2.574,12811200,0,0
2000-08-09,2.608,2.625,2.462,2.498,13624800,0,0
2000-08-10,2.440,2.584,2.393,2.526,15643200,0,0
2000-08-11,2.531,2.550,2.349,2.467,13192800,0,0
2000-08-14,2.498,2.522,2.412,2.491,10857600,0,0
2000-08-15,2.503,2.775,2.495,2.726,44332800,0,0
2000-08-16,2.873,2.873,2.711,2.794,26623200,0,0
2000-08-17,2.756,2.861,2.747,2.847,12981600,0,0
2000-08-18,2.835,2.981,2.830,2.948,20472000,0,0
2000-08-21,3.055,3.108,2.986,2.993,46447200,0,0
2000-08-22,2.838,2.900,2.684,2.711,65887200,0,0
2000-08-23,2.668,2.873,2.613,2.869,35280000,0,0
2000-08-24,2.852,2.974,2.799,2.945,33261600,0,0
2000-08-25,2.914,2.976,2.857,2.871,15304800,0,0
2000-08-28,2.885,3.024,2.852,2.986,18926400,0,0
2000-08-29,2.998,3.005,2.948,2.979,14937600,0,0
2000-08-30,2.945,3.046,2.914,3.005,17808000,0,0
2000-08-31,3.050,3.158,2.991,3.038,38889600,0,0
2000-09-01,3.101,3.129,3.010,3.043,20414400,0,0
2000-09-05,3.115,3.117,3.027,3.048,24614400,0,0
2000-09-06,3.060,3.060,2.814,2.838,23013600,0,0
2000-09-07,2.881,2.995,2.761,2.991,23976000,0,0
2000-09-08,2.957,3.024,2.804,2.814,22264800,0,0
2000-09-11,2.778,2.794,2.593,2.699,28588800,0,0
2000-09-12,2.701,2.842,2.641,2.682,12597600,0,0
2000-09-13,2.675,2.725,2.617,2.681,23997600,0,0
2000-09-14,2.694,2.814,2.622,2.656,21633600,0,0
2000-09-15,2.641,2.751,2.622,2.714,24259200,0,0
2000-09-18,2.720,2.737,2.526,2.555,16348800,0,0
2000-09-19,2.438,2.641,2.412,2.634,30110400,0,0
2000-09-20,2.562,2.613,2.507,2.548,22756800,0,0
2000-09-21,2.567,2.715,2.565,2.657,34682400,0,0
2000-09-22,2.395,2.737,2.393,2.704,38726400,0,0
2000-09-25,2.787,2.938,2.766,2.897,46756800,0,0
2000-09-26,2.928,3.000,2.794,2.967,33734400,0,0
2000-09-27,2.943,3.268,2.943,3.129,67612800,0,0
2000-09-28,3.101,3.244,3.024,3.225,33381600,0,0
2000-09-29,3.134,3.254,3.082,3.134,37387200,0,0
2000-10-02,3.177,3.302,2.981,3.060,34058400,0,0
2000-10-03,3.077,3.101,2.871,2.895,30026400,0,0
2000-10-04,2.818,2.909,2.780,2.861,41956800,0,0
2000-10-05,2.883,2.883,2.735,2.794,52504800,0,0
2000-10-06,2.802,2.821,2.582,2.620,102717600,0,0
2000-10-09,2.553,2.718,2.373,2.677,66525600,0,0
2000-10-10,2.565,2.694,2.450,2.474,41594400,0,0
2000-10-11,2.323,2.632,2.230,2.495,53577600,0,0
2000-10-12,2.550,2.699,2.373,2.397,40161600,0,0
2000-10-13,2.414,2.565,2.388,2.493,57897600,0,0
2000-10-16,2.493,2.493,2.378,2.436,33921600,0,0
2000-10-17,2.426,2.436,2.232,2.259,46324800,0,0
2000-10-18,2.113,2.352,2.012,2.223,41695200,0,0
2000-10-19,2.366,2.469,2.330,2.438,29488800,0,0
2000-10-20,2.381,2.727,2.364,2.665,38736000,0,0
2000-10-23,2.687,2.704,2.522,2.605,18211200,0,0
2000-10-24,2.593,2.637,2.512,2.522,19396800,0,0
2000-10-25,2.452,2.488,2.285,2.302,38551200,0,0
2000-10-26,2.316,2.488,2.153,2.400,26577600,0,0
2000-10-27,2.402,2.461,2.259,2.345,21096000,0,0
2000-10-30,2.306,2.358,2.177,2.180,19212000,0,0
2000-10-31,2.266,2.416,2.196,2.379,29925600,0,0
2000-11-01,2.321,2.412,2.239,2.378,30453600,0,0
2000-11-02,2.462,2.622,2.421,2.560,19288800,0,0
2000-11-03,2.526,2.775,2.507,2.727,26863200,0,0
2000-11-06,2.792,3.062,2.775,2.938,63504000,0,0
2000-11-07,2.890,2.890,2.641,2.739,25824000,0,0
2000-11-08,2.771,2.771,2.617,2.658,18708000,0,0
2000-11-09,2.498,2.622,2.263,2.381,56452800,0,0
2000-11-10,2.462,2.584,2.192,2.251,80524800,0,0
2000-11-13,2.139,2.507,2.067,2.261,53004000,0,0
2000-11-14,2.412,2.694,2.393,2.675,47073600,0,0
2000-11-15,2.627,2.711,2.519,2.640,42386400,0,0
2000-11-16,2.565,2.632,2.450,2.474,23553600,0,0
2000-11-17,2.493,2.620,2.345,2.426,17877600,0,0
2000-11-20,2.336,2.337,2.213,2.239,29875200,0,0
2000-11-21,2.335,2.354,2.081,2.196,38251200,0,0
2000-11-22,2.105,2.172,1.991,2.081,40975200,0,0
2000-11-24,2.105,2.282,2.105,2.201,16507200,0,0
2000-11-27,2.359,2.373,2.039,2.127,36386400,0,0
2000-11-28,2.159,2.182,1.921,1.968,38234400,0,0
2000-11-29,1.998,2.000,1.699,1.847,63640800,0,0
2000-11-30,1.689,1.689,1.392,1.550,98162400,0,0
2000-12-01,1.646,1.866,1.636,1.703,78408000,0,0
2000-12-04,1.714,1.770,1.598,1.730,47426400,0,0
2000-12-05,1.852,1.919,1.680,1.842,99722400,0,0
2000-12-06,1.806,1.857,1.569,1.579,95092800,0,0
2000-12-07,1.502,1.634,1.421,1.550,78518400,0,0
2000-12-08,1.711,1.914,1.551,1.904,85339200,0,0
2000-12-11,1.842,1.943,1.794,1.904,75763200,0,0
2000-12-12,1.857,1.890,1.790,1.852,40951200,0,0
2000-12-13,1.845,1.876,1.675,1.708,67507200,0,0
2000-12-14,1.696,1.711,1.550,1.591,56901600,0,0
2000-12-15,1.491,1.584,1.426,1.433,109442400,0,0
2000-12-18,1.493,1.531,1.459,1.480,65887200,0,0
2000-12-19,1.502,1.636,1.340,1.369,94620000,0,0
2000-12-20,1.299,1.488,1.153,1.220,110539200,0,0
2000-12-21,1.203,1.369,1.053,1.067,84525600,0,0
2000-12-22,1.153,1.464,1.153,1.342,94908000,0,0
2000-12-26,1.359,1.373,1.201,1.287,34382400,0,0
2000-12-27,1.273,1.426,1.220,1.373,33945600,0,0
2000-12-28,1.318,1.416,1.297,1.380,41923200,0,0
2000-12-29,1.378,1.424,1.225,1.254,49516800,0,0
2001-01-02,1.263,1.280,1.141,1.146,29080800,0,0
2001-01-03,1.110,1.510,1.081,1.498,91036800,0,0
2001-01-04,1.471,1.708,1.431,1.670,81544800,0,0
2001-01-05,1.656,1.663,1.388,1.420,43276800,0,0
2001-01-08,1.380,1.617,1.380,1.555,57376800,0,0
2001-01-09,1.577,1.617,1.500,1.586,30290400,0,0
2001-01-10,1.505,1.703,1.469,1.696,39292800,0,0
2001-01-11,1.656,1.909,1.627,1.837,44764800,0,0
2001-01-12,1.869,1.981,1.780,1.799,66900000,0,0
2001-01-16,1.809,1.809,1.629,1.658,41498400,0,0
2001-01-17,1.785,1.837,1.711,1.718,59258400,0,0
2001-01-18,1.718,2.096,1.680,2.047,94816800,0,0
2001-01-19,2.105,2.182,1.962,1.993,101870400,0,0
2001-01-22,1.933,2.010,1.859,1.914,37771200,0,0
2001-01-23,1.890,2.144,1.881,2.105,43363200,0,0
2001-01-24,2.103,2.125,1.974,2.096,45172800,0,0
2001-01-25,2.024,2.029,1.842,1.885,44001600,0,0
2001-01-26,1.780,1.968,1.767,1.945,25924800,0,0
2001-01-29,1.885,1.957,1.818,1.955,35416800,0,0
2001-01-30,1.986,2.040,1.948,1.998,24372000,0,0
2001-01-31,2.000,2.077,1.933,1.976,35834400,0,0
2001-02-01,1.976,2.000,1.890,1.986,37185600,0,0
2001-02-02,1.988,2.034,1.780,1.794,32052000,0,0
2001-02-05,1.792,1.804,1.687,1.792,36758400,0,0
2001-02-06,1.758,1.837,1.754,1.802,25044000,0,0
2001-02-07,1.790,1.804,1.622,1.718,72038400,0,0
2001-02-08,1.727,1.825,1.701,1.708,38428800,0,0
2001-02-09,1.694,1.706,1.634,1.696,25960800,0,0
2001-02-12,1.677,1.696,1.569,1.651,35433600,0,0
2001-02-13,1.682,1.780,1.663,1.701,46773600,0,0
2001-02-14,1.680,1.876,1.608,1.825,69088800,0,0
2001-02-15,2.077,2.196,2.062,2.160,110851200,0,0
2001-02-16,2.050,2.335,2.048,2.278,108117600,0,0
2001-02-20,2.220,2.268,2.048,2.050,70130400,0,0
2001-02-21,1.974,2.230,1.952,2.144,64651200,0,0
2001-02-22,2.132,2.297,2.067,2.235,81530400,0,0
2001-02-23,2.223,2.259,2.010,2.080,103466400,0,0
2001-02-26,2.019,2.077,1.945,2.034,75182400,0,0
2001-02-27,1.983,2.062,1.900,1.912,53383200,0,0
2001-02-28,1.897,2.010,1.675,1.711,78405600,0,0
2001-03-01,1.689,1.876,1.531,1.846,91528800,0,0
2001-03-02,1.713,1.835,1.646,1.668,141350400,0,0
2001-03-05,1.603,1.727,1.593,1.684,74229600,0,0
2001-03-06,1.770,1.907,1.741,1.847,83440800,0,0
2001-03-07,1.888,2.000,1.854,1.995,93828000,0,0
2001-03-08,1.938,2.084,1.938,2.062,82934400,0,0
2001-03-09,1.955,1.964,1.737,1.916,121677600,0,0
2001-03-12,1.852,1.938,1.766,1.847,76214400,0,0
2001-03-13,1.871,2.096,1.861,2.067,108235200,0,0
2001-03-14,1.974,2.192,1.974,2.184,135112800,0,0
2001-03-15,2.318,2.440,2.235,2.292,187598400,0,0
2001-03-16,2.256,2.345,2.189,2.282,122520000,0,0
2001-03-19,2.270,2.431,2.147,2.414,94389600,0,0
2001-03-20,2.385,2.536,2.163,2.189,199056000,0,0
2001-03-21,2.194,2.416,2.182,2.352,187735200,0,0
2001-03-22,2.373,2.598,2.354,2.589,169776000,0,0
2001-03-23,2.637,2.684,2.436,2.565,150967200,0,0
2001-03-26,2.565,2.718,2.565,2.704,154296000,0,0
2001-03-27,2.651,2.744,2.493,2.605,170215200,0,0
2001-03-28,2.534,2.675,2.526,2.607,143328000,0,0
2001-03-29,2.585,2.737,2.531,2.646,163296000,0,0
2001-03-30,2.627,2.677,2.469,2.485,142317600,0,0
2001-04-02,2.479,2.538,2.349,2.381,126516000,0,0
2001-04-03,2.345,2.524,2.342,2.459,199161600,0,0
2001-04-04,2.366,2.371,2.060,2.206,336247200,0,0
2001-04-05,2.352,2.448,2.287,2.409,172476000,0,0
2001-04-06,2.378,2.526,2.337,2.400,154766400,0,0
2001-04-09,2.446,2.505,2.245,2.283,109716000,0,0
2001-04-10,2.338,2.572,2.316,2.499,118641600,0,0
2001-04-11,2.652,2.749,2.576,2.649,142687200,0,0
2001-04-12,2.600,2.804,2.551,2.689,144026400,0,0
2001-04-16,2.641,2.697,2.575,2.624,76411200,0,0
2001-04-17,2.585,2.773,2.584,2.752,111244800,0,0
2001-04-18,2.868,3.231,2.868,2.958,230186400,0,0
2001-04-19,2.974,3.263,2.961,3.212,163226400,0,0
2001-04-20,3.173,3.445,3.089,3.329,177384000,0,0
2001-04-23,3.256,3.260,3.120,3.153,123900000,0,0
2001-04-24,3.144,3.380,2.881,2.930,182832000,0,0
2001-04-25,2.938,3.169,2.927,3.065,142372800,0,0
2001-04-26,3.131,3.131,2.794,2.823,148600800,0,0
2001-04-27,2.932,3.037,2.875,3.024,91567200,0,0
2001-04-30,3.106,3.367,3.041,3.189,158328000,0,0
2001-05-01,3.200,3.495,3.149,3.487,186736800,0,0
2001-05-02,3.577,3.577,3.361,3.407,154778400,0,0
2001-05-03,3.304,3.407,3.283,3.392,96050400,0,0
2001-05-04,3.292,3.492,3.277,3.438,95352000,0,0
2001-05-07,3.425,3.617,3.385,3.593,97560000,0,0
2001-05-08,3.646,3.647,3.302,3.333,162014400,0,0
2001-05-09,3.227,3.297,3.154,3.176,131904000,0,0
2001-05-10,3.268,3.307,3.032,3.070,99890400,0,0
2001-05-11,3.062,3.082,2.930,2.991,92121600,0,0
2001-05-14,3.000,3.052,2.892,3.017,70243200,0,0
2001-05-15,3.043,3.254,3.009,3.125,124260000,0,0
2001-05-16,3.054,3.292,3.034,3.273,95709600,0,0
2001-05-17,3.283,3.426,3.233,3.330,91905600,0,0
2001-05-18,3.319,3.407,3.238,3.304,57583200,0,0
2001-05-21,3.296,3.522,3.230,3.453,106468800,0,0
2001-05-22,3.503,3.591,3.369,3.556,104997600,0,0
2001-05-23,3.696,3.828,3.483,3.526,224491200,0,0
2001-05-24,3.503,3.669,3.397,3.578,168057600,0,0
2001-05-25,3.506,3.558,3.445,3.510,94795200,0,0
2001-05-29,3.490,3.491,3.319,3.366,92056800,0,0
2001-05-30,3.287,3.454,3.269,3.304,330890400,0,0
2001-05-31,3.330,3.350,3.206,3.277,126292800,0,0
2001-06-01,3.300,3.487,3.281,3.459,102247200,0,0
2001-06-04,3.461,3.479,3.359,3.405,62155200,0,0
2001-06-05,3.401,3.619,3.395,3.584,98716800,0,0
2001-06-06,3.597,3.646,3.545,3.599,69897600,0,0
2001-06-07,3.567,3.813,3.541,3.802,114115200,0,0
2001-06-08,3.791,3.797,3.664,3.704,71268000,0,0
2001-06-11,3.709,3.713,3.538,3.595,58192800,0,0
2001-06-12,3.520,3.769,3.512,3.715,110272800,0,0
2001-06-13,3.742,3.799,3.558,3.590,93871200,0,0
2001-06-14,3.544,3.644,3.493,3.583,94615200,0,0
2001-06-15,3.541,3.702,3.475,3.639,109454400,0,0
2001-06-18,3.629,3.688,3.455,3.495,85665600,0,0
2001-06-19,3.560,3.644,3.233,3.304,151312800,0,0
2001-06-20,3.243,3.483,3.175,3.446,175920000,0,0
2001-06-21,3.432,3.572,3.340,3.511,148456800,0,0
2001-06-22,3.493,3.586,3.449,3.495,76118400,0,0
2001-06-25,3.534,3.549,3.386,3.488,64003200,0,0
2001-06-26,3.411,3.606,3.397,3.589,75792000,0,0
2001-06-27,3.572,3.579,3.417,3.478,89575200,0,0
2001-06-28,3.524,3.570,3.483,3.519,90933600,0,0
2001-06-29,3.531,3.606,3.492,3.550,73092000,0,0
2001-07-02,3.410,3.439,3.342,3.393,104001600,0,0
2001-07-03,3.370,3.472,3.353,3.436,40629600,0,0
2001-07-05,3.395,3.417,3.183,3.187,102009600,0,0
2001-07-06,3.139,3.164,3.028,3.089,80282400,0,0
2001-07-09,3.049,3.123,2.959,2.988,101407200,0,0
2001-07-10,3.028,3.068,2.976,3.013,122174400,0,0
2001-07-11,3.001,3.055,2.914,3.007,90463200,0,0
2001-07-12,3.149,3.187,3.072,3.165,98155200,0,0
2001-07-13,3.141,3.176,3.034,3.099,69014400,0,0
2001-07-16,3.064,3.101,2.835,2.850,119169600,0,0
2001-07-17,2.802,3.037,2.775,3.009,116990400,0,0
2001-07-18,2.938,3.019,2.843,2.905,84098400,0,0
2001-07-19,2.947,3.075,2.902,2.952,84002400,0,0
2001-07-20,2.878,2.944,2.775,2.867,74246400,0,0
2001-07-23,2.871,2.875,2.592,2.595,154797600,0,0
2001-07-24,2.630,2.773,2.575,2.771,136531200,0,0
2001-07-25,2.766,2.771,2.652,2.744,124588800,0,0
2001-07-26,2.718,3.043,2.704,3.024,171415200,0,0
2001-07-27,3.018,3.134,2.928,3.101,109468800,0,0
2001-07-30,3.105,3.117,2.994,3.027,58228800,0,0
2001-07-31,3.031,3.110,2.921,3.097,118776000,0,0
2001-08-01,3.158,3.302,3.136,3.286,120494400,0,0
2001-08-02,3.328,3.376,3.215,3.364,109792800,0,0
2001-08-03,3.330,3.389,3.268,3.338,82034400,0,0
2001-08-06,3.314,3.473,3.278,3.439,129256800,0,0
2001-08-07,3.438,3.455,3.348,3.388,108861600,0,0
2001-08-08,3.358,3.445,3.287,3.302,112569600,0,0
2001-08-09,3.286,3.351,3.185,3.244,164361600,0,0
2001-08-10,3.242,3.284,3.143,3.240,103648800,0,0
2001-08-13,3.296,3.413,3.247,3.376,151478400,0,0
2001-08-14,3.315,3.336,3.245,3.286,232116000,0,0
2001-08-15,3.361,3.400,3.261,3.290,181639200,0,0
2001-08-16,3.230,3.434,3.217,3.429,102609600,0,0
2001-08-17,3.342,3.385,3.180,3.207,166884000,0,0
2001-08-20,3.186,3.219,3.087,3.185,118332000,0,0
2001-08-21,3.193,3.277,3.113,3.118,118665600,0,0
2001-08-22,3.173,3.249,3.072,3.246,149810400,0,0
2001-08-23,3.235,3.276,3.158,3.174,101359200,0,0
2001-08-24,3.208,3.330,3.189,3.265,111093600,0,0
2001-08-27,3.191,3.421,3.179,3.377,127960800,0,0
2001-08-28,3.368,3.443,3.307,3.333,117876000,0,0
2001-08-29,3.343,3.364,3.198,3.226,143580000,0,0
2001-08-30,3.166,3.238,3.091,3.216,143131200,0,0
2001-08-31,3.194,3.272,3.152,3.243,88790400,0,0
2001-09-04,3.234,3.234,2.995,3.017,185613600,0,0
2001-09-05,3.015,3.105,2.892,3.082,239558400,0,0
2001-09-06,3.021,3.116,2.942,2.956,195076800,0,0
2001-09-07,2.909,3.032,2.894,2.987,197025600,0,0
2001-09-10,2.961,3.007,2.840,2.900,187236000,0,0
2001-09-17,2.719,2.786,2.589,2.602,113859600,0,0
2001-09-18,2.653,2.672,2.386,2.445,89437200,0,0
2001-09-19,2.459,2.487,2.072,2.415,156190800,0,0
2001-09-20,2.286,2.370,2.144,2.211,147069600,0,0
2001-09-21,2.040,2.165,1.991,2.065,122630400,0,0
2001-09-24,2.229,2.330,2.130,2.297,150750000,0,0
2001-09-25,2.304,2.403,2.200,2.207,94172400,0,0
2001-09-26,2.236,2.243,2.105,2.128,43081200,0,0
2001-09-27,2.120,2.144,1.953,2.010,90729600,0,0
2001-09-28,2.067,2.206,1.979,2.103,104487600,0,0
2001-10-01,2.102,2.136,1.891,1.925,97280400,0,0
2001-10-02,1.922,1.998,1.735,1.828,112303200,0,0
2001-10-03,1.819,2.304,1.819,2.188,179882400,0,0
2001-10-04,2.304,2.588,2.225,2.472,198057600,0,0
2001-10-05,2.435,2.579,2.342,2.519,107821200,0,0
2001-10-08,2.419,2.671,2.419,2.575,76590000,0,0
2001-10-09,2.582,2.634,2.390,2.464,91755600,0,0
2001-10-10,2.420,2.641,2.404,2.622,96812400,0,0
2001-10-11,2.762,2.914,2.748,2.906,91800000,0,0
2001-10-12,2.833,3.101,2.823,3.095,125310000,0,0
2001-10-15,3.005,3.177,2.921,3.082,90856800,0,0
2001-10-16,3.078,3.416,3.014,3.392,138385200,0,0
2001-10-17,3.467,3.468,3.177,3.193,169554000,0,0
2001-10-18,3.193,3.359,3.185,3.327,102086400,0,0
2001-10-19,3.280,3.445,3.238,3.396,105926400,0,0
2001-10-22,3.371,3.522,3.296,3.477,97082400,0,0
2001-10-23,3.521,3.584,3.338,3.415,95302800,0,0
2001-10-24,3.353,3.575,3.315,3.566,121214400,0,0
2001-10-25,3.483,3.839,3.430,3.775,115239600,0,0
2001-10-26,3.749,3.862,3.483,3.506,109712400,0,0
2001-10-29,3.518,3.579,3.217,3.221,100479600,0,0
2001-10-30,3.162,3.364,3.089,3.216,115338000,0,0
2001-10-31,3.336,3.426,3.235,3.281,98929200,0,0
2001-11-01,3.323,3.588,3.273,3.562,109377600,0,0
2001-11-02,3.546,3.655,3.415,3.611,108724800,0,0
2001-11-05,3.674,3.774,3.601,3.624,93345600,0,0
2001-11-06,3.617,3.890,3.598,3.873,141537600,0,0
2001-11-07,3.843,4.026,3.821,3.876,141914400,0,0
2001-11-08,3.924,3.977,3.694,3.809,191518800,0,0
2001-11-09,3.977,4.076,3.904,4.073,227048400,0,0
2001-11-12,4.058,4.287,3.934,4.182,145863600,0,0
2001-11-13,4.196,4.196,4.088,4.148,144651600,0,0
2001-11-14,4.179,4.218,3.920,4.032,115022400,0,0
2001-11-15,3.986,4.109,3.936,4.054,87494400,0,0
2001-11-16,4.058,4.101,3.964,4.019,49612800,0,0
2001-11-19,4.058,4.096,3.713,3.931,194305200,0,0
2001-11-20,3.950,4.019,3.777,3.820,93788400,0,0
2001-11-21,3.756,3.872,3.660,3.771,72841200,0,0
2001-11-23,3.786,3.828,3.721,3.824,25401600,0,0
2001-11-26,3.888,4.103,3.878,4.098,121578000,0,0
2001-11-27,4.095,4.234,4.019,4.141,118399200,0,0
2001-11-28,4.088,4.156,3.923,3.932,74084400,0,0
2001-11-29,4.218,4.239,4.088,4.104,513547200,0,0
2001-11-30,4.103,4.213,4.042,4.183,103402800,0,0
2001-12-03,4.095,4.147,4.046,4.120,85149600,0,0
2001-12-04,4.140,4.456,4.140,4.451,138464400,0,0
2001-12-05,4.486,4.819,4.483,4.810,170703600,0,0
2001-12-06,4.773,4.785,4.614,4.734,113894400,0,0
2001-12-07,4.699,4.742,4.508,4.590,80703600,0,0
2001-12-10,4.567,4.741,4.529,4.636,69586800,0,0
2001-12-11,4.717,4.911,4.670,4.802,79225200,0,0
2001-12-12,4.839,4.953,4.745,4.951,100462800,0,0
2001-12-13,4.854,4.916,4.790,4.809,88140000,0,0
2001-12-14,4.808,5.049,4.786,5.025,75468000,0,0
2001-12-17,4.987,5.279,4.987,5.206,108096000,0,0
2001-12-18,5.092,5.164,5.029,5.072,88696800,0,0
2001-12-19,4.989,5.090,4.914,4.934,85465200,0,0
2001-12-20,4.953,5.043,4.721,4.739,95122800,0,0
2001-12-21,4.842,4.976,4.787,4.944,72397200,0,0
2001-12-24,4.942,5.093,4.940,5.068,26530800,0,0
2001-12-26,5.093,5.278,5.092,5.192,64215600,0,0
2001-12-27,5.237,5.335,5.229,5.312,73015200,0,0
2001-12-28,5.343,5.378,5.133,5.184,75768000,0,0
2001-12-31,5.222,5.252,5.110,5.122,73758000,0,0
2002-01-02,5.144,5.241,5.015,5.153,129890400,0,0
2002-01-03,5.163,5.512,5.160,5.490,141475200,0,0
2002-01-04,5.563,5.563,5.237,5.330,93628800,0,0
2002-01-07,5.352,5.359,5.115,5.187,97306800,0,0
2002-01-08,5.176,5.373,5.159,5.248,77436000,0,0
2002-01-09,5.321,5.417,5.103,5.176,114118800,0,0
2002-01-10,5.149,5.219,5.007,5.052,99250800,0,0
2002-01-11,5.086,5.087,4.809,4.829,138085200,0,0
2002-01-14,4.818,4.852,4.575,4.575,136956000,0,0
2002-01-15,4.766,5.006,4.761,5.002,183880800,0,0
2002-01-16,4.934,4.966,4.789,4.807,111538800,0,0
2002-01-17,4.966,4.976,4.787,4.976,112154400,0,0
2002-01-18,4.788,4.919,4.785,4.885,80367600,0,0
2002-01-22,4.930,4.943,4.707,4.762,108502800,0,0
2002-01-23,4.805,4.886,4.710,4.852,88916400,0,0
2002-01-24,4.900,5.076,4.796,5.025,113768400,0,0
2002-01-25,4.953,5.137,4.892,5.012,81775200,0,0
2002-01-28,5.110,5.206,5.060,5.205,92428800,0,0
2002-01-29,5.218,5.233,4.869,4.950,138193200,0,0
2002-01-30,4.976,5.014,4.858,5.010,121845600,0,0
2002-01-31,5.075,5.114,4.865,5.033,97398000,0,0
2002-02-01,5.025,5.078,4.881,4.910,68827200,0,0
2002-02-04,4.899,5.019,4.671,4.679,110486400,0,0
2002-02-05,4.647,4.688,4.450,4.633,147462000,0,0
2002-02-06,4.755,4.830,4.663,4.748,124252800,0,0
2002-02-07,4.754,4.754,4.572,4.594,96447600,0,0
2002-02-08,4.625,4.651,4.244,4.419,187129200,0,0
2002-02-11,4.412,4.670,4.396,4.663,124922400,0,0
2002-02-12,4.593,4.850,4.540,4.762,121650000,0,0
2002-02-13,4.823,4.904,4.655,4.701,123043200,0,0
2002-02-14,4.741,4.858,4.681,4.759,122569200,0,0
2002-02-15,4.540,4.567,4.345,4.391,398854800,0,0
2002-02-19,4.203,4.247,4.066,4.100,197252400,0,0
2002-02-20,4.027,4.360,4.019,4.314,183873600,0,0
2002-02-21,4.255,4.257,4.014,4.019,153104400,0,0
2002-02-22,3.939,3.985,3.771,3.822,258561600,0,0
2002-02-25,3.839,4.151,3.839,4.121,159956400,0,0
2002-02-26,4.212,4.284,4.100,4.211,190267200,0,0
2002-02-27,4.307,4.325,4.058,4.069,172322400,0,0
2002-02-28,4.042,4.115,3.871,3.905,158544000,0,0
2002-03-01,3.943,4.287,3.931,4.283,131139600,0,0
2002-03-04,4.296,4.571,4.254,4.522,148472400,0,0
2002-03-05,4.452,4.631,4.448,4.510,137944800,0,0
2002-03-06,4.375,4.420,4.274,4.369,144606000,0,0
2002-03-07,4.431,4.445,4.212,4.333,134653200,0,0
2002-03-08,4.416,4.555,4.395,4.463,127035600,0,0
2002-03-11,4.414,4.463,4.337,4.411,81054000,0,0
2002-03-12,4.276,4.299,4.150,4.179,125503200,0,0
2002-03-13,4.140,4.170,4.088,4.104,103161600,0,0
2002-03-14,4.073,4.073,3.868,3.876,113946000,0,0
2002-03-15,3.904,4.045,3.830,4.040,124828800,0,0
2002-03-18,4.114,4.202,3.994,4.040,123699600,0,0
2002-03-19,4.069,4.077,3.931,3.954,84607200,0,0
2002-03-20,3.889,3.897,3.549,3.562,229258800,0,0
2002-03-21,3.622,3.794,3.526,3.751,172171200,0,0
2002-03-22,3.818,3.818,3.690,3.719,124914000,0,0
2002-03-25,3.701,3.706,3.522,3.526,88416000,0,0
2002-03-26,3.490,3.688,3.470,3.598,112351200,0,0
2002-03-27,3.543,3.615,3.422,3.483,106801200,0,0
2002-03-28,3.507,3.529,3.206,3.396,312408000,0,0
2002-04-01,3.208,3.366,3.105,3.340,236534400,0,0
2002-04-02,3.240,3.421,3.234,3.253,143800800,0,0
2002-04-03,3.268,3.356,3.200,3.314,109464000,0,0
2002-04-04,3.289,3.411,3.244,3.298,113096400,0,0
2002-04-05,3.320,3.373,3.189,3.223,102690000,0,0
2002-04-08,3.074,3.331,3.073,3.331,115131600,0,0
2002-04-09,3.364,3.392,3.113,3.121,138076800,0,0
2002-04-10,3.146,3.170,2.726,2.948,368972400,0,0
2002-04-11,2.925,2.962,2.787,2.819,143728800,0,0
2002-04-12,2.882,2.905,2.720,2.808,137688000,0,0
2002-04-15,2.863,2.970,2.856,2.922,115720800,0,0
2002-04-16,3.052,3.084,2.989,3.049,85485600,0,0
2002-04-17,3.085,3.130,2.988,3.085,94448400,0,0
2002-04-18,3.053,3.086,2.967,3.033,69315600,0,0
2002-04-19,2.931,2.967,2.823,2.827,112567200,0,0
2002-04-22,2.795,2.898,2.794,2.840,80817600,0,0
2002-04-23,2.863,2.896,2.700,2.726,77350800,0,0
2002-04-24,2.757,2.798,2.480,2.487,158295600,0,0
2002-04-25,2.477,2.633,2.476,2.583,116829600,0,0
2002-04-26,2.611,2.615,2.325,2.325,119112000,0,0
2002-04-29,2.600,2.752,2.513,2.713,393085200,0,0
2002-04-30,2.777,2.814,2.607,2.665,177650400,0,0
2002-05-01,2.621,2.751,2.553,2.713,171890400,0,0
2002-05-02,2.726,2.794,2.603,2.604,112508400,0,0
2002-05-03,2.607,2.627,2.494,2.507,85275600,0,0
2002-05-06,2.442,2.557,2.392,2.412,110204400,0,0
2002-05-07,2.465,2.517,2.351,2.472,141244800,0,0
2002-05-08,2.641,2.799,2.557,2.756,168868800,0,0
2002-05-09,2.748,2.804,2.634,2.638,123084000,0,0
2002-05-10,2.693,2.703,2.412,2.441,132154800,0,0
2002-05-13,2.466,2.597,2.445,2.589,80089200,0,0
2002-05-14,2.754,2.875,2.706,2.846,152611200,0,0
2002-05-15,2.802,2.955,2.763,2.902,150454800,0,0
2002-05-16,2.902,2.967,2.843,2.907,98556000,0,0
2002-05-17,2.986,3.007,2.912,2.999,93440400,0,0
2002-05-20,2.974,3.051,2.960,3.031,95341200,0,0
2002-05-21,3.070,3.112,2.797,2.800,138260400,0,0
2002-05-22,2.822,2.930,2.817,2.913,154798800,0,0
2002-05-23,2.922,2.928,2.649,2.735,255678000,0,0
2002-05-24,2.683,2.697,2.620,2.682,73778400,0,0
2002-05-28,2.706,2.707,2.522,2.575,136708800,0,0
2002-05-29,2.534,2.683,2.495,2.673,131101200,0,0
2002-05-30,2.618,2.697,2.567,2.634,106608000,0,0
2002-05-31,2.649,2.660,2.557,2.562,67411200,0,0
2002-06-03,2.500,2.511,2.380,2.411,90124800,0,0
2002-06-04,2.396,2.546,2.392,2.533,109543200,0,0
2002-06-05,2.538,2.539,2.408,2.496,111430800,0,0
2002-06-06,2.470,2.530,2.469,2.497,73935600,0,0
2002-06-07,2.294,2.504,2.293,2.473,137130000,0,0
2002-06-10,2.506,2.575,2.446,2.452,74914800,0,0
2002-06-11,2.493,2.504,2.336,2.342,85930800,0,0
2002-06-12,2.286,2.327,2.042,2.140,226754400,0,0
2002-06-13,2.156,2.196,2.050,2.118,126589200,0,0
2002-06-14,2.040,2.174,1.971,2.157,111644400,0,0
2002-06-17,2.206,2.234,2.139,2.177,105414000,0,0
2002-06-18,2.150,2.228,2.125,2.165,100830000,0,0
2002-06-19,2.059,2.059,1.810,1.826,259362000,0,0
2002-06-20,1.830,1.880,1.785,1.809,142504800,0,0
2002-06-21,1.800,1.870,1.698,1.735,148436400,0,0
2002-06-24,1.690,1.821,1.638,1.767,137959200,0,0
2002-06-25,1.799,1.799,1.610,1.621,117223200,0,0
2002-06-26,1.437,1.591,1.397,1.537,206782800,0,0
2002-06-27,1.593,1.605,1.286,1.308,318280800,0,0
2002-06-28,1.286,1.370,1.258,1.315,199118400,0,0
2002-07-01,1.309,1.347,1.285,1.312,116437200,0,0
2002-07-02,1.297,1.302,1.196,1.230,136818000,0,0
2002-07-03,1.222,1.338,1.221,1.336,107330400,0,0
2002-07-05,1.432,1.455,1.390,1.454,73952400,0,0
2002-07-08,1.437,1.550,1.436,1.498,158718000,0,0
2002-07-09,1.501,1.520,1.392,1.424,107508000,0,0
2002-07-10,1.458,1.470,1.375,1.385,92698800,0,0
2002-07-11,1.377,1.531,1.365,1.526,114394800,0,0
2002-07-12,1.608,1.614,1.493,1.524,134490000,0,0
2002-07-15,1.528,1.677,1.459,1.676,149527200,0,0
2002-07-16,1.635,1.788,1.604,1.631,177343200,0,0
2002-07-17,1.596,1.627,1.429,1.492,192236400,0,0
2002-07-18,1.468,1.554,1.450,1.454,124318800,0,0
2002-07-19,1.409,1.465,1.378,1.388,84577200,0,0
2002-07-22,1.382,1.421,1.267,1.324,129074400,0,0
2002-07-23,1.331,1.340,1.180,1.225,140965200,0,0
2002-07-24,1.208,1.323,1.207,1.303,117510000,0,0
2002-07-25,1.253,1.256,1.111,1.153,179644800,0,0
2002-07-26,1.187,1.214,1.095,1.126,122190000,0,0
2002-07-29,1.173,1.179,1.120,1.158,122772000,0,0
2002-07-30,1.152,1.300,1.148,1.242,181801200,0,0
2002-07-31,0.905,0.923,0.838,0.848,483714000,0,0
2002-08-01,0.854,0.854,0.766,0.766,172570800,0,0
2002-08-02,0.791,0.796,0.697,0.716,179526000,0,0
2002-08-05,0.705,0.707,0.650,0.658,133071600,0,0
2002-08-06,0.689,0.719,0.678,0.693,116880000,0,0
2002-08-07,0.723,0.730,0.651,0.677,89298000,0,0
2002-08-08,0.684,0.733,0.666,0.721,75542400,0,0
2002-08-09,0.702,0.727,0.690,0.704,58130400,0,0
2002-08-12,0.697,0.731,0.678,0.704,59280000,0,0
2002-08-13,0.709,0.743,0.689,0.690,65442000,0,0
2002-08-14,0.703,0.743,0.697,0.737,63268800,0,0
2002-08-15,0.764,0.803,0.756,0.788,114012000,0,0
2002-08-16,0.746,0.846,0.723,0.818,165742800,0,0
2002-08-19,0.854,1.030,0.852,0.968,224392800,0,0
2002-08-20,0.976,0.995,0.913,0.926,142948800,0,0
2002-08-21,0.968,0.987,0.923,0.975,119487600,0,0
2002-08-22,0.946,0.984,0.936,0.942,135849600,0,0
2002-08-23,0.915,0.921,0.874,0.880,91993200,0,0
2002-08-26,0.897,0.903,0.845,0.887,69856800,0,0
2002-08-27,0.902,0.906,0.831,0.836,68671200,0,0
2002-08-28,0.831,0.833,0.781,0.784,70035600,0,0
2002-08-29,0.774,0.830,0.768,0.794,81552000,0,0
2002-08-30,0.786,0.819,0.758,0.773,106588800,0,0
2002-09-03,0.737,0.740,0.714,0.726,84728400,0,0
2002-09-04,0.728,0.747,0.690,0.721,93055200,0,0
2002-09-05,0.714,0.717,0.689,0.694,71431200,0,0
2002-09-06,0.723,0.729,0.698,0.709,74646000,0,0
2002-09-09,0.704,0.730,0.682,0.708,57804000,0,0
2002-09-10,0.704,0.846,0.704,0.809,231763200,0,0
2002-09-11,0.835,0.911,0.835,0.849,165753600,0,0
2002-09-12,0.828,0.874,0.813,0.822,129493200,0,0
2002-09-13,0.814,0.853,0.804,0.809,79687200,0,0
2002-09-16,0.797,0.800,0.739,0.758,92546400,0,0
2002-09-17,0.792,0.811,0.742,0.746,88405200,0,0
2002-09-18,0.735,0.750,0.704,0.726,81169200,0,0
2002-09-19,0.710,0.735,0.697,0.701,61849200,0,0
2002-09-20,0.707,0.721,0.690,0.705,68731200,0,0
2002-09-23,0.694,0.701,0.670,0.674,52167600,0,0
2002-09-24,0.667,0.712,0.655,0.680,62444400,0,0
2002-09-25,0.720,0.731,0.691,0.717,89661600,0,0
2002-09-26,0.731,0.739,0.668,0.679,73956000,0,0
2002-09-27,0.678,0.695,0.655,0.655,65068800,0,0
2002-09-30,0.653,0.684,0.639,0.655,58412400,0,0
2002-10-01,0.661,0.697,0.637,0.691,88836000,0,0
2002-10-02,0.696,0.731,0.690,0.690,74910000,0,0
2002-10-03,0.681,0.693,0.655,0.656,59056800,0,0
2002-10-04,0.655,0.675,0.612,0.623,52978800,0,0
2002-10-07,0.615,0.627,0.588,0.593,49306800,0,0
2002-10-08,0.612,0.614,0.551,0.575,71425200,0,0
2002-10-09,0.567,0.603,0.554,0.564,57313200,0,0
2002-10-10,0.559,0.612,0.559,0.593,53803200,0,0
2002-10-11,0.616,0.685,0.612,0.674,99414000,0,0
2002-10-14,0.655,0.674,0.641,0.655,61148400,0,0
2002-10-15,0.727,0.753,0.713,0.723,85276800,0,0
2002-10-16,0.674,0.680,0.651,0.662,57812400,0,0
2002-10-17,0.720,0.746,0.702,0.713,58579200,0,0
2002-10-18,0.709,0.727,0.682,0.720,49837200,0,0
2002-10-21,0.710,0.811,0.694,0.785,93062400,0,0
2002-10-22,0.749,0.857,0.748,0.811,127216800,0,0
2002-10-23,0.823,0.855,0.812,0.844,92542800,0,0
2002-10-24,0.861,0.870,0.789,0.801,105517200,0,0
2002-10-25,0.804,0.854,0.793,0.850,74595600,0,0
2002-10-28,0.889,0.896,0.849,0.854,107054400,0,0
2002-10-29,0.856,0.862,0.774,0.817,77272800,0,0
2002-10-30,0.843,0.888,0.840,0.861,113949600,0,0
2002-10-31,0.867,0.917,0.864,0.911,125547600,0,0
2002-11-01,0.897,1.093,0.896,1.079,212883600,0,0
2002-11-04,1.145,1.264,1.142,1.197,268813200,0,0
2002-11-05,1.194,1.214,1.099,1.150,203454000,0,0
2002-11-06,1.189,1.240,1.142,1.239,164601600,0,0
2002-11-07,1.207,1.207,1.107,1.114,166056000,0,0
2002-11-08,0.942,0.998,0.843,0.870,379890000,0,0
2002-11-11,0.828,0.841,0.782,0.802,137845200,0,0
2002-11-12,0.821,0.903,0.815,0.874,138118800,0,0
2002-11-13,0.853,0.926,0.836,0.901,180211200,0,0
2002-11-14,0.961,0.979,0.932,0.961,113872800,0,0
2002-11-15,1.011,1.065,0.999,1.031,205432800,0,0
2002-11-18,1.114,1.118,1.066,1.070,198247200,0,0
2002-11-19,1.063,1.139,1.052,1.085,197194800,0,0
2002-11-20,1.118,1.148,1.103,1.139,129279600,0,0
2002-11-21,1.185,1.292,1.183,1.236,205392000,0,0
2002-11-22,1.161,1.228,1.148,1.204,125190000,0,0
2002-11-25,1.259,1.278,1.210,1.247,123008400,0,0
2002-11-26,1.253,1.278,1.210,1.213,108433200,0,0
2002-11-27,1.265,1.329,1.249,1.308,108855600,0,0
2002-11-29,1.342,1.361,1.302,1.311,51939600,0,0
2002-12-02,1.381,1.399,1.295,1.302,116750400,0,0
2002-12-03,1.277,1.280,1.213,1.216,104622000,0,0
2002-12-04,1.130,1.148,1.066,1.070,220654800,0,0
2002-12-05,1.139,1.147,1.054,1.080,159487200,0,0
2002-12-06,1.034,1.102,1.017,1.082,115922400,0,0
2002-12-09,1.047,1.063,0.987,0.995,96979200,0,0
2002-12-10,1.021,1.099,1.008,1.079,138988800,0,0
2002-12-11,1.071,1.102,1.035,1.073,136420800,0,0
2002-12-12,1.112,1.125,1.053,1.055,130255200,0,0
2002-12-13,1.036,1.036,1.006,1.014,70772400,0,0
2002-12-16,1.049,1.079,1.022,1.073,105697200,0,0
2002-12-17,1.093,1.129,1.063,1.072,107774400,0,0
2002-12-18,1.038,1.040,0.988,0.990,112683600,0,0
2002-12-19,0.972,1.024,0.959,0.968,110060400,0,0
2002-12-20,0.999,1.010,0.933,0.982,80457600,0,0
2002-12-23,0.979,1.012,0.976,0.988,49864800,0,0
2002-12-24,0.994,1.014,0.963,0.968,30033600,0,0
2002-12-26,0.985,0.999,0.942,0.951,71976000,0,0
2002-12-27,0.977,0.979,0.906,0.915,70252800,0,0
2002-12-30,0.919,0.929,0.862,0.883,78474000,0,0
2002-12-31,0.874,0.903,0.857,0.881,82539600,0,0
2003-01-02,0.919,0.953,0.887,0.942,130254000,0,0
2003-01-03,0.946,0.976,0.926,0.942,103749600,0,0
2003-01-06,0.965,1.034,0.965,1.019,103342800,0,0
2003-01-07,1.039,1.063,1.004,1.016,149827200,0,0
2003-01-08,0.990,1.019,0.908,0.915,185252400,0,0
2003-01-09,0.943,0.953,0.922,0.931,143607600,0,0
2003-01-10,0.919,0.961,0.906,0.947,92449200,0,0